framework,rps,avg_ms,p50,p95,p99,err_pct,avg_cpu_pct,peak_cpu_pct,idle_rss_mb,avg_rss_mb,peak_rss_mb
ember,92832.680069,2.12ms,1.98ms,3.3ms,5.72ms,0.00%,76.7,89.7,23.2,25.8,25.8
fastapi,16878.525639,11.79ms,10.2ms,20.42ms,27.63ms,0.00%,76.7,89.7,47.0,48.1,48.1
express,23515.681877,8.47ms,8ms,11.26ms,13.79ms,0.00%,91.6,106.0,59.6,129.9,129.9
nestjs,22317.308445,8.93ms,8.5ms,11.77ms,14.29ms,0.00%,92.6,107.0,81.8,157.8,158.1
fiber,149006.898487,1.29ms,1.16ms,2.75ms,3.89ms,0.00%,75.6,89.1,5.9,9.0,9.0
