framework,rps,avg_ms,p50,p95,p99,err_pct,avg_cpu_pct,peak_cpu_pct,idle_rss_mb,avg_rss_mb,peak_rss_mb
ember,112177.450944,1.75ms,1.68ms,2.59ms,4.35ms,0.00%,77.0,89.7,22.8,25.2,25.2
fastapi,17517.133727,11.36ms,9.45ms,20.67ms,30.86ms,0.00%,76.3,89.4,47.6,49.1,49.1
express,26356.90911,7.56ms,7.09ms,9.98ms,13.57ms,0.00%,89.8,104.0,59.8,131.0,131.0
nestjs,23527.544149,8.47ms,8.08ms,10.97ms,13.75ms,0.00%,91.4,105.0,81.4,158.5,158.6
fiber,140993.169141,1.36ms,1.21ms,2.91ms,3.96ms,0.00%,75.9,89.3,5.9,8.8,8.8
